code,system
C109A00,readv2
C10FA00,readv2
C10FA11,readv2
C109A11,readv2
C109F12,readv2
C10FF00,readv2
C109F11,readv2
C109600,readv2
C109000,readv2
C109.11,readv2
C109900,readv2
C109400,readv2
C109.00,readv2
C100112,readv2
C109G00,readv2
C10FG00,readv2
C109G12,readv2
C109G11,readv2
C10FG11,readv2
C10F000,readv2
C109012,readv2
C109011,readv2
C10F011,readv2
C10F311,readv2
C10F300,readv2
C109300,readv2
C10F200,readv2
C10F211,readv2
C109211,readv2
C109212,readv2
C10F411,readv2
C10F400,readv2
C109412,readv2
C109411,readv2
C109J12,readv2
C10FJ00,readv2
C109J00,readv2
C10FJ11,readv2
C109J11,readv2
C10FB00,readv2
C109B11,readv2
C10FB11,readv2
C109B00,readv2
C10FK00,readv2
C109K00,readv2
C10F911,readv2
C10F900,readv2
C109E12,readv2
C10FE11,readv2
C10FE00,readv2
C109E11,readv2
C109E00,readv2
C10F611,readv2
C109611,readv2
C109612,readv2
C10F600,readv2
C10FC11,readv2
C10FC00,readv2
C109C00,readv2
C109C12,readv2
C109C11,readv2
C10FM11,readv2
C10FM00,readv2
C109100,readv2
C109111,readv2
C10F100,readv2
C10F111,readv2
C109112,readv2
C109D00,readv2
C109D12,readv2
C10FD11,readv2
C109D11,readv2
C10FD00,readv2
C109700,readv2
C10F711,readv2
C10F700,readv2
C109711,readv2
C109712,readv2
66At100,readv2
66Ao.00,readv2
66At111,readv2
C109H12,readv2
C109H11,readv2
C10FH00,readv2
C109200,readv2
C10FN00,readv2
C10FP00,readv2
C10D.00,readv2
C10F.11,readv2
C10F.00,readv2
C10FR00,readv2
C109.12,readv2
C109.13,readv2
C10FQ00,readv2
ZC2CA00,readv2
C109500,readv2
C109511,readv2
C10F500,readv2
C10F511,readv2
C109512,readv2
C10FL11,readv2
C10FL00,readv2